Workbook

Sheet Student_Data
A1: Roll No | B1: Name | C1: Attendance % | D1: Maths | E1: Physics | F1: Chemistry | G1: Total Marks | H1: Percentage | I1: Grade
A2: 1 | B2: Ahana | C2: 60 | D2: 99 | E2: 88 | F2: 91 | G2: =SUM(D2:F2) -> 278 | H2: =(G2/300) -> 0.92666667 | I2: =_xlfn.IFS(H2>=80%,"A",H2>=60%,"B",H2>=40%,"C",TRUE,"D") -> A
A3: 13 | B3: Debargha | C3: 30 | D3: 81 | E3: 82 | F3: 67 | G3: =SUM(D3:F3) -> 230 | H3: =(G3/300) -> 0.76666667 | I3: =_xlfn.IFS(H3>=80%,"A",H3>=60%,"B",H3>=40%,"C",TRUE,"D") -> B
A4: 3 | B4: Sagnik | C4: 56 | D4: 37 | E4: 94 | F4: 96 | G4: =SUM(D4:F4) -> 227 | H4: =(G4/300) -> 0.75666667 | I4: =_xlfn.IFS(H4>=80%,"A",H4>=60%,"B",H4>=40%,"C",TRUE,"D") -> B
A5: 18 | B5: Manyata | C5: 77 | D5: 84 | E5: 42 | F5: 98 | G5: =SUM(D5:F5) -> 224 | H5: =(G5/300) -> 0.74666667 | I5: =_xlfn.IFS(H5>=80%,"A",H5>=60%,"B",H5>=40%,"C",TRUE,"D") -> B
A6: 11 | B6: Sourabh | C6: 28 | D6: 98 | E6: 71 | F6: 45 | G6: =SUM(D6:F6) -> 214 | H6: =(G6/300) -> 0.71333333 | I6: =_xlfn.IFS(H6>=80%,"A",H6>=60%,"B",H6>=40%,"C",TRUE,"D") -> B
A7: 2 | B7: Pratik | C7: 34 | D7: 98 | E7: 14 | F7: 91 | G7: =SUM(D7:F7) -> 203 | H7: =(G7/300) -> 0.67666667 | I7: =_xlfn.IFS(H7>=80%,"A",H7>=60%,"B",H7>=40%,"C",TRUE,"D") -> B
A8: 15 | B8: Piyush | C8: 72 | D8: 67 | E8: 29 | F8: 99 | G8: =SUM(D8:F8) -> 195 | H8: =(G8/300) -> 0.65 | I8: =_xlfn.IFS(H8>=80%,"A",H8>=60%,"B",H8>=40%,"C",TRUE,"D") -> B
A9: 7 | B9: Aritri | C9: 74 | D9: 46 | E9: 73 | F9: 35 | G9: =SUM(D9:F9) -> 154 | H9: =(G9/300) -> 0.51333333 | I9: =_xlfn.IFS(H9>=80%,"A",H9>=60%,"B",H9>=40%,"C",TRUE,"D") -> C
A10: 17 | B10: Abhijit | C10: 47 | D10: 56 | E10: 67 | F10: 31 | G10: =SUM(D10:F10) -> 154 | H10: =(G10/300) -> 0.51333333 | I10: =_xlfn.IFS(H10>=80%,"A",H10>=60%,"B",H10>=40%,"C",TRUE,"D") -> C
A11: 4 | B11: Satwik | C11: 12 | D11: 73 | E11: 64 | F11: 11 | G11: =SUM(D11:F11) -> 148 | H11: =(G11/300) -> 0.49333333 | I11: =_xlfn.IFS(H11>=80%,"A",H11>=60%,"B",H11>=40%,"C",TRUE,"D") -> C
A12: 16 | B12: Shivani | C12: 83 | D12: 81 | E12: 9 | F12: 55 | G12: =SUM(D12:F12) -> 145 | H12: =(G12/300) -> 0.48333333 | I12: =_xlfn.IFS(H12>=80%,"A",H12>=60%,"B",H12>=40%,"C",TRUE,"D") -> C
A13: 14 | B13: Prishni | C13: 56 | D13: 87 | E13: 26 | F13: 22 | G13: =SUM(D13:F13) -> 135 | H13: =(G13/300) -> 0.45 | I13: =_xlfn.IFS(H13>=80%,"A",H13>=60%,"B",H13>=40%,"C",TRUE,"D") -> C
... A21: 6 | B21: Ankit | C21: 78 | D21: 27 | E21: 7 | F21: 24 | G21: =SUM(D21:F21) -> 58 | H21: =(G21/300) -> 0.19333333 | I21: =_xlfn.IFS(H21>=80%,"A",H21>=60%,"B",H21>=40%,"C",TRUE,"D") -> D

Sheet Dashboard
C1: STUDENT PERFORMANCE ANALYTICS DASHBOARD
A3: TOTAL STUDENTS | B3: AVERAGE % | C3: HIGHEST % | D3: AVG ATTENDANCE
A4: =COUNTA(Student_Data!A2:A21) -> 20 | B4: =AVERAGE(Student_Data!H2:H21) -> 0.53033333 | C4: =MAX(Student_Data!H2:H21) -> 0.92666667 | D4: =AVERAGE(Student_Data!C2:C21) -> 50 | G4: Name | H4: Percentage
G5: Ahana | H5: 0.92666667
G6: Debargha | H6: 0.76666667
G7: Sagnik | H7: 0.75666667
A8: Subject | B8: Average | G8: Manyata | H8: 0.74666667 | J8: Topper Name
A9: Maths | B9: =AVERAGE(Student_Data!D2:D21) -> 62.95 | G9: Sourabh | H9: 0.71333333 | J9: {=INDEX(Student_Data!B2:B21,MATCH(MAX(Student_Data!H2:H21),Student_Data!H2:H21,0))} -> Ahana
A10: Physics | B10: =AVERAGE(Student_Data!E2:E21) -> 44.95
A11: Chemistry | B11: =AVERAGE(Student_Data!F2:F21) -> 51.2 | J11: A,B,C = Pass
J12: D = Fail
J14: Pass Percentage
J15: =COUNTIF(Student_Data!I2:I21,"<>D")/COUNTA(Student_Data!I2:I21) -> 0.75
A17: Grade | B17: Count
A18: A | B18: =COUNTIF(Student_Data!I2:I21,"A") -> 1
A19: B | B19: =COUNTIF(Student_Data!I2:I21,"B") -> 6
A20: C | B20: =COUNTIF(Student_Data!I2:I21,"C") -> 8
A21: D | B21: =COUNTIF(Student_Data!I2:I21,"D") -> 5
A25: Attendance % | B25: Percentage
A26: 60 | B26: =(A26/300) -> 0.2
A27: 34 | B27: =(A27/300) -> 0.11333333
A28: 56 | B28: =(A28/300) -> 0.18666667
A29: 12 | B29: =(A29/300) -> 0.04
A30: 36 | B30: =(A30/300) -> 0.12
A31: 78 | B31: =(A31/300) -> 0.26
A32: 74 | B32: =(A32/300) -> 0.24666667
A33: 26 | B33: =(A33/300) -> 0.086666667
A34: 98 | B34: =(A34/300) -> 0.32666667
A35: 16 | B35: =(A35/300) -> 0.053333333
A36: 28 | B36: =(A36/300) -> 0.093333333
A37: 87 | B37: =(A37/300) -> 0.29
... A45: 18 | B45: =(A45/300) -> 0.06
